<?xml version="1.0" encoding="UTF-8"?>
<beans xmlns="http://www.springframework.org/schema/beans"
	xmlns:xsi="http://www.w3.org/2001/XMLSchema-instance"
	xsi:schemaLocation="http://www.springframework.org/schema/beans https://www.springframework.org/schema/beans/spring-beans.xsd">
	
	<!-- Root Context: defines shared resources visible to all other web components -->
	
	<!-- DB접속 정보 -->
	<bean id="dataSource" class="org.springframework.jdbc.datasource.DriverManagerDataSource">
	 
		<property name="driverClassName" value="oracle.jdbc.driver.OracleDriver" />
		<property name="url" value="jdbc:oracle:thin:@localhost:1521:xe "/>
		<property name="username" value="coffee" />
		<property name="password" value="1234" />
	
	</bean>
	
	<!-- 마이바티스 수행 객체 설정 (SqlSession) -->
	<bean id="SqlSessionFactory" class="org.mybatis.spring.SqlSessionFactoryBean">
		
		<!-- 스프링 빈으로 등록된 dataSource 빈을 이용한 DB 접속 정보 설정 -->
		<property name="dataSource" ref="dataSource" />
		
		<!-- 마이바티스 설정 XML파일의 위치를 지정한다 -->
<!-- 		<property name="configLocation" value="/mybatis-config.xml"></property> -->

		<!-- 설정 XML을 따로 작성하지 않고 설정 항목 추가하기 -->
		<property name="configuration">
			<bean class="org.apache.ibatis.session.Configuration">
				<property name="mapUnderscoreToCamelCase" value="true" />
				<property name="jdbcTypeForNull" value="NULL" />
			</bean>
		</property>
		
		<!-- Mapper XML 파일의 위치 설정하기 -->
<!-- 		<property name="mapperLocations"> -->
<!-- 			<array> -->
<!-- 				<value>classpath:/web/dto/User.class</value>
				<value>classpath:/log4j.xml</value> -->
					
				<!-- src/main/java 폴더에 mappers 폴더를 만들 경우 -->
<!-- 				<value>classpath:/mappers/DeptMapper.xml</value> -->
<!-- 				<value>classpath:/dept/dao/mapper/DeptMapper.xml</value> -->
<!-- 				<value>classpath:/login/dao/mapper/LoginMapper.xml</value> -->
<!-- 				<value>classpath:/**/mapper/**/*Mapper.xml</value> -->
<!-- 			</array> -->
<!-- 		</property> -->
		
		<property name="mapperLocations">
			<value>classpath:/**/mapper/**/*Mapper.xml</value>
		</property>
		
		<!-- DTO 별칭 지정하기 -->
<!-- 		<property name="typeAliases"> -->
<!-- 			<array> -->
<!-- 				<value>web.dto.User</value> -->
<!-- 				<value>board.dto.Board</value> -->
<!-- 				<value>chat.dto.ChatLog</value> -->
<!-- 			</array> -->
<!-- 		</property> -->
		
		<!-- 패키지 단위로 DTO의 별칭 지정하기 -->
		<property name="typeAliasesPackage">
			<value>*.dto</value>
		</property>
		
	</bean>
	
	<!-- 마이바티스와 연동되는 인터페이스 위치 설정 (DAO 패키지) -->
	<!-- 	-> Mapper XML의 namespace속성에서 사용한 인터페이스 위치 -->
	<bean class="org.mybatis.spring.mapper.MapperScannerConfigurer">
<!-- 		<property name="basePackage" value="dept.dao, login.dao" /> -->
		<property name="basePackage" value="*.dao.face" />
	</bean>
	
	<bean id="transactionManager" class="org.springframework.jdbc.datasource.DataSourceTransactionManager">
		<property name="dataSource" ref="dataSource" />
	</bean>
	
</beans>






















